id,home_team,away_team,league,country,start_timestamp,start_time,status,venue,round,source
12436566,Fulham,Everton,Premier League,England,1746879300,14:15,Ended,,36,api
12436564,Ipswich Town,Brentford,Premier League,England,1746894600,18:30,Ended,,36,api
12436575,Southampton,Manchester City,Premier League,England,1746882900,15:15,Ended,,36,api
12436581,Wolverhampton,Brighton & Hove Albion,Premier League,England,1746885600,16:00,Ended,,36,api
12436570,Bournemouth,Aston Villa,Premier League,England,1746886500,16:15,Halftime,,36,api
12436573,Newcastle United,Chelsea,Premier League,England,1746952200,10:30,Not started,,36,api
12436569,Manchester United,West Ham United,Premier League,England,1746961200,13:00,Not started,,36,api
12436574,Nottingham Forest,Leicester City,Premier League,England,1746972000,16:00,Not started,,36,api
12436583,Tottenham Hotspur,Crystal Palace,Premier League,England,1746960300,12:45,Not started,,36,api
12436568,Liverpool,Arsenal,Premier League,England,1746980100,18:15,Not started,,36,api
12501510,Como,Cagliari,Serie A,Italy,1746876600,13:30,Ended,,36,api
12501530,Lazio,Juventus,Serie A,Italy,1746898200,19:30,2nd half,,36,api
12501515,Empoli,Parma,Serie A,Italy,1746903600,21:00,Not started,,36,api
12501533,Udinese,Monza,Serie A,Italy,1746962100,13:15,Not started,,36,api
12501524,Hellas Verona,Lecce,Serie A,Italy,1746966600,14:30,Not started,,36,api
12501529,Torino,Inter,Serie A,Italy,1746971100,15:45,Not started,,36,api
12501531,Napoli,Genoa,Serie A,Italy,1746985500,19:45,Not started,,36,api
12437494,Valencia,Getafe,LaLiga,Spain,1746884700,15:45,Ended,,35,api
12437548,Celta Vigo,Sevilla,LaLiga,Spain,1746883800,15:30,Ended,,35,api
12437551,Girona FC,Villarreal,LaLiga,Spain,1746885600,16:00,Halftime,,35,api
12437554,Mallorca,Real Valladolid,LaLiga,Spain,1746898200,19:30,Halftime,,35,api
12437544,Atlético Madrid,Real Sociedad,LaLiga,Spain,1746897300,19:15,Not started,,35,api
12437579,Leganés,Espanyol,LaLiga,Spain,1746972900,16:15,Not started,,35,api
12437545,Barcelona,Real Madrid,LaLiga,Spain,1746975600,17:00,Not started,,35,api
12437501,Athletic Club,Deportivo Alavés,LaLiga,Spain,1746972900,16:15,Not started,,35,api
12437547,Real Betis,Osasuna,LaLiga,Spain,1746983700,19:15,Not started,,35,api
12499535,1. FC Union Berlin,1. FC Heidenheim,Bundesliga,Germany,1746890100,17:15,Ended,,33,api
12499538,Holstein Kiel,SC Freiburg,Bundesliga,Germany,1746881100,14:45,Ended,,33,api
12499532,SV Werder Bremen,RB Leipzig,Bundesliga,Germany,1746891000,17:30,Ended,,33,api
12499536,VfL Bochum 1848,1. FSV Mainz 05,Bundesliga,Germany,1746875700,13:15,Ended,,33,api
12499528,FC Bayern München,Borussia M'gladbach,Bundesliga,Germany,1746898200,19:30,Halftime,,33,api
12499525,Bayer 04 Leverkusen,Borussia Dortmund,Bundesliga,Germany,1746963900,13:45,Not started,,33,api
12499530,Eintracht Frankfurt,FC St. Pauli,Bundesliga,Germany,1746978300,17:45,Not started,,33,api
12499526,VfB Stuttgart,FC Augsburg,Bundesliga,Germany,1746983700,19:15,Not started,,33,api
12450182,AS Monaco,Olympique Lyonnais,Ligue 1,France,1746909000,22:30,Not started,,33,api
12450186,Angers,RC Strasbourg,Ligue 1,France,1746912600,23:30,Not started,,33,api
12450178,Auxerre,Nantes,Ligue 1,France,1746901800,20:30,Not started,,33,api
12450199,Le Havre,Olympique de Marseille,Ligue 1,France,1746909000,22:30,Not started,,33,api
12450276,Montpellier,Paris Saint-Germain,Ligue 1,France,1746902700,20:45,Not started,,33,api
12450184,Stade Brestois,Lille,Ligue 1,France,1746909000,22:30,Not started,,33,api
12450269,Stade Rennais,Nice,Ligue 1,France,1746910800,23:00,Not started,,33,api
12450172,Stade de Reims,Saint-Étienne,Ligue 1,France,1746902700,20:45,Not started,,33,api
12450191,Toulouse,RC Lens,Ligue 1,France,1746903600,21:00,Not started,,33,api
12513676,CD Nacional,Rio Ave,Liga Portugal Betclic,Portugal,1746878400,14:00,Ended,,33,api
12513670,Santa Clara,Famalicão,Liga Portugal Betclic,Portugal,1746891900,17:45,Ended,,33,api
12513677,Benfica,Sporting,Liga Portugal Betclic,Portugal,1746905400,21:30,1st half,,33,api
12513669,Casa Pia,Sporting Braga,Liga Portugal Betclic,Portugal,1746912600,23:30,Not started,,33,api
12513672,Gil Vicente,FC Arouca,Liga Portugal Betclic,Portugal,1746908100,22:15,Not started,,33,api
12513683,CF Estrela Amadora,AVS - Futebol SAD,Liga Portugal Betclic,Portugal,1746974700,16:45,Not started,,33,api
12513674,Moreirense,Estoril Praia,Liga Portugal Betclic,Portugal,1746978300,17:45,Not started,,33,api
12513673,Vitória SC,SC Farense,Liga Portugal Betclic,Portugal,1746983700,19:15,Not started,,33,api
12513679,Boavista,FC Porto,Liga Portugal Betclic,Portugal,1747000800,00:00,Not started,,33,api
12441699,RKC Waalwijk,SC Heerenveen,Eredivisie,Netherlands,1746896400,19:00,Ended,,32,api
12441701,Fortuna Sittard,NAC Breda,Eredivisie,Netherlands,1746896400,19:00,1st half,,32,api
12441706,Almere City FC,Sparta Rotterdam,Eredivisie,Netherlands,1746903600,21:00,Not started,,32,api
12441695,PEC Zwolle,Go Ahead Eagles,Eredivisie,Netherlands,1746959400,12:30,Not started,,32,api
12441694,FC Twente,FC Utrecht,Eredivisie,Netherlands,1746963000,13:30,Not started,,32,api
12441703,Feyenoord,PSV Eindhoven,Eredivisie,Netherlands,1746964800,14:00,Not started,,32,api
12441698,AFC Ajax,NEC Nijmegen,Eredivisie,Netherlands,1746978300,17:45,Not started,,32,api
12441696,AZ Alkmaar,FC Groningen,Eredivisie,Netherlands,1746971100,15:45,Not started,,32,api
13473416,Fortaleza,Juventude,Brasileirão Betano,Brazil,1746900900,20:15,Not started,,8,api
13473414,Grêmio,Red Bull Bragantino,Brasileirão Betano,Brazil,1746909900,22:45,Not started,,8,api
13473412,Mirassol,Corinthians,Brasileirão Betano,Brazil,1746915300,00:15,Not started,,8,api
13473415,Vitória,Vasco da Gama,Brasileirão Betano,Brazil,1746913500,23:45,Not started,,8,api
13473408,Flamengo,Bahia,Brasileirão Betano,Brazil,1746920700,01:45,Not started,,8,api
13473417,Sport Recife,Cruzeiro,Brasileirão Betano,Brazil,1746989100,20:45,Not started,,8,api
13473413,Atlético Mineiro,Fluminense,Brasileirão Betano,Brazil,1746999900,23:45,Not started,,8,api
13473410,Palmeiras,São Paulo,Brasileirão Betano,Brazil,1746990000,21:00,Not started,,8,api
13473409,Botafogo,Internacional,Brasileirão Betano,Brazil,1746999900,23:45,Not started,,8,api
12528114,Eyüpspor,Kasımpaşa,Trendyol Süper Lig,Turkey,1746887400,16:30,Ended,,35,api
12528112,Konyaspor,Çaykur Rizespor,Trendyol Süper Lig,Turkey,1746882000,15:00,Ended,,35,api
12528119,Trabzonspor,Galatasaray,Trendyol Süper Lig,Turkey,1746887400,16:30,2nd half,,35,api
12528123,Sivasspor,Bodrum FK,Trendyol Süper Lig,Turkey,1746960300,12:45,Not started,,35,api
12528115,Beşiktaş,Adana Demirspor,Trendyol Süper Lig,Turkey,1746981000,18:30,Not started,,35,api
12528117,Göztepe,Hatayspor,Trendyol Süper Lig,Turkey,1746972000,16:00,Not started,,35,api
13631380,RSC Anderlecht,Royale Union Saint-Gilloise,"Pro League, Championship Round",Belgium,1746909000,22:30,Not started,,8,api
13631379,KAA Gent,Royal Antwerp FC,"Pro League, Championship Round",Belgium,1746954000,11:00,Not started,,8,api
13631433,KRC Genk,Club Brugge KV,"Pro League, Championship Round",Belgium,1746974700,16:45,Not started,,8,api
13631436,KV Mechelen,Standard Liège,"Pro League, Conference League Playoffs",Belgium,1746891900,17:45,2nd half,,8,api
13631437,FCV Dender,Oud-Heverlee Leuven,"Pro League, Conference League Playoffs",Belgium,1746985500,19:45,Not started,,8,api
13631431,K. Beerschot V.A.,Cercle Brugge,"Pro League, Relegation Round",Belgium,1746886500,16:15,Ended,,6,api
13631432,KV Kortrijk,Sint-Truidense VV,"Pro League, Relegation Round",Belgium,1746876600,13:30,Ended,,6,api
13822505,Patro Eisden Maasmechelen,KSC Lokeren-Temse,"Pro League, Relegation/Promotion Playoff",Belgium,1746979200,18:00,Not started,,2,api
13589188,PAOK,AEK Athens,"Stoiximan Super League, Championship Round",Greece,1746988200,20:30,Not started,,6,api
13589187,Panathinaikos,Olympiacos FC,"Stoiximan Super League, Championship Round",Greece,1746977400,17:30,Not started,,6,api
13589434,APO Levadiakos,Athens Kallithea FC,"Stoiximan Super League, Relegation Round",Greece,1746885600,16:00,Ended,,7,api
13589435,PAS Lamia 1964,MGS Panserraikos,"Stoiximan Super League, Relegation Round",Greece,1746894600,18:30,Ended,,7,api
13589442,Panetolikos,NPS Volos,"Stoiximan Super League, Relegation Round",Greece,1746891000,17:30,1st half,,7,api
13765446,Celtic,Hibernian,"Scottish Premiership, Championship Round",Scotland,1746882000,15:00,Ended,,36,api
13765442,Dundee United,St. Mirren,"Scottish Premiership, Championship Round",Scotland,1746892800,18:00,Ended,,36,api
13765449,Rangers,Aberdeen,"Scottish Premiership, Championship Round",Scotland,1746956700,11:45,Not started,,36,api
13765842,Heart of Midlothian,Motherwell,"Scottish Premiership, Relegation Round",Scotland,1746876600,13:30,Ended,,36,api
13765833,Kilmarnock,Dundee FC,"Scottish Premiership, Relegation Round",Scotland,1746891000,17:30,Ended,,36,api
13765841,St. Johnstone,Ross County,"Scottish Premiership, Relegation Round",Scotland,1746893700,18:15,Ended,,36,api
13796313,CD Toluca,CF Monterrey,"Liga MX, Clausura Playoffs",Mexico,1746925200,03:00,Not started,,27,api
13796318,Club América,CF Pachuca,"Liga MX, Clausura Playoffs",Mexico,1746925800,03:10,Not started,,27,api
13796311,Cruz Azul,Club León,"Liga MX, Clausura Playoffs",Mexico,1747013400,03:30,Not started,,27,api
13796321,Tigres UANL,Club Necaxa,"Liga MX, Clausura Playoffs",Mexico,1747014900,03:55,Not started,,27,api
12403315,HNK Šibenik,HNK Rijeka,HNL,Croatia,1746895500,18:45,Ended,,34,api
12403314,GNK Dinamo Zagreb,NK Slaven Belupo,HNL,Croatia,1746900000,20:00,Not started,,34,api
12403304,HNK Gorica,HNK Hajduk Split,HNL,Croatia,1746966600,14:30,Not started,,34,api
12403310,NK Istra 1961,NK Varaždin,HNL,Croatia,1746972900,16:15,Not started,,34,api
13732214,FK Radnički 1923,FK Novi Pazar,"Mozzart Bet Superliga, Championship Round",Serbia,1746891900,17:45,Not started,,5,api
13732210,OFK Beograd,FK Mladost Lučani,"Mozzart Bet Superliga, Championship Round",Serbia,1746965700,14:15,Not started,,5,api
13732219,FK Crvena zvezda,FK Vojvodina,"Mozzart Bet Superliga, Championship Round",Serbia,1746983700,19:15,Not started,,5,api
13732203,FK Partizan,FK TSC Bačka Topola,"Mozzart Bet Superliga, Championship Round",Serbia,1746979200,18:00,Not started,,5,api
13732277,FK Tekstilac Odžaci,FK Jedinstvo Ub,"Mozzart Bet Superliga, Relegation Round",Serbia,1746896400,19:00,2nd half,,5,api
13732261,FK Spartak Subotica,FK Radnički Niš,"Mozzart Bet Superliga, Relegation Round",Serbia,1746977400,17:30,Not started,,5,api
13299411,Chicago Fire,Atlanta United,MLS,USA,1746903600,21:00,Not started,,,api
13299413,Minnesota United,Inter Miami CF,MLS,USA,1746913500,23:45,Not started,,,api
13299414,Toronto FC,DC United,MLS,USA,1746900000,20:00,Not started,,,api
13299416,FC Cincinnati,Austin FC,MLS,USA,1746910800,23:00,Not started,,,api
13299419,New York City FC,CF Montréal,MLS,USA,1746915300,00:15,Not started,,,api
13299418,New York Red Bulls,LA Galaxy,MLS,USA,1746920700,01:45,Not started,,,api
13299420,Orlando City SC,New England Revolution,MLS,USA,1746913500,23:45,Not started,,,api
13299421,Philadelphia Union,Columbus Crew,MLS,USA,1746912600,23:30,Not started,,,api
13299423,FC Dallas,Real Salt Lake,MLS,USA,1746918000,01:00,Not started,,,api
13299424,Houston Dynamo,Seattle Sounders FC,MLS,USA,1746928800,04:00,Not started,,,api
13299425,Nashville SC,Charlotte FC,MLS,USA,1746927900,03:45,Not started,,,api
13299427,St.Louis City,San Diego FC,MLS,USA,1746920700,01:45,Not started,,,api
13299428,Colorado Rapids,San Jose Earthquakes,MLS,USA,1746933300,05:15,Not started,,,api
13299429,Portland Timbers,Sporting Kansas City,MLS,USA,1746936000,06:00,Not started,,,api
13299431,Vancouver Whitecaps,Los Angeles FC,MLS,USA,1747002600,00:30,Not started,,,api
12465963,Mirandés,CD Castellón,LaLiga 2,Spain,1746884700,15:45,Ended,,39,api
12465959,Sporting Gijón,Deportivo La Coruña,LaLiga 2,Spain,1746877500,13:45,Ended,,39,api
12465962,Burgos Club de Fútbol,Córdoba,LaLiga 2,Spain,1746902700,20:45,Halftime,,39,api
12465969,Elche,Levante UD,LaLiga 2,Spain,1746893700,18:15,Halftime,,39,api
12465967,Real Zaragoza,FC Cartagena,LaLiga 2,Spain,1746898200,19:30,Not started,,39,api
12465966,Racing de Santander,Real Oviedo,LaLiga 2,Spain,1746965700,14:15,Not started,,39,api
12465960,Albacete Balompié,Huesca,LaLiga 2,Spain,1746978300,17:45,Not started,,39,api
12465965,CD Eldense,Málaga,LaLiga 2,Spain,1746974700,16:45,Not started,,39,api
12465964,CD Tenerife,Racing de Ferrol,LaLiga 2,Spain,1746984600,19:30,Not started,,39,api
12499160,Fortuna Düsseldorf,FC Schalke 04,2. Bundesliga,Germany,1746872100,12:15,Ended,,33,api
12499250,SC Paderborn 07,1. FC Magdeburg,2. Bundesliga,Germany,1746873000,12:30,Ended,,33,api
12499175,SV 07 Elversberg,Eintracht Braunschweig,2. Bundesliga,Germany,1746867600,11:00,Ended,,33,api
12499153,Hamburger SV,SSV Ulm 1846,2. Bundesliga,Germany,1746908100,22:15,Not started,,33,api
12499166,1. FC Kaiserslautern,Darmstadt 98,2. Bundesliga,Germany,1746972000,16:00,Not started,,33,api
12499164,Hannover 96,SpVgg Greuther Fürth,2. Bundesliga,Germany,1746967500,14:45,Not started,,33,api
12499174,SSV Jahn Regensburg,Karlsruher SC,2. Bundesliga,Germany,1746965700,14:15,Not started,,33,api
13525903,Avaí,Atlético Goianiense,Brasileirão Série B,Brazil,1746911700,23:15,Not started,,7,api
13525893,Goiás,Coritiba,Brasileirão Série B,Brazil,1746903600,21:00,Not started,,7,api
13525901,Criciúma,Volta Redonda,Brasileirão Série B,Brazil,1746999000,23:30,Not started,,7,api
13525897,Cuiabá,Operário-PR,Brasileirão Série B,Brazil,1747001700,00:15,Not started,,7,api
13525902,Novorizontino,Ferroviária,Brasileirão Série B,Brazil,1746994500,22:15,Not started,,7,api
12450710,Annecy FC,Grenoble Foot 38,Ligue 2,France,1746889200,17:00,Ended,,34,api
12450702,Bastia,Caen,Ligue 2,France,1746886500,16:15,Ended,,34,api
12450707,Lorient,FC Martigues,Ligue 2,France,1746898200,19:30,Ended,,34,api
12450708,Paris FC,Ajaccio,Ligue 2,France,1746887400,16:30,Ended,,34,api
12450706,Pau FC,Guingamp,Ligue 2,France,1746896400,19:00,Ended,,34,api
12450711,Red Star FC,USL Dunkerque,Ligue 2,France,1746892800,18:00,Ended,,34,api
12450709,Rodez AF,Clermont Foot,Ligue 2,France,1746897300,19:15,Ended,,34,api
12450703,Stade Lavallois,Metz,Ligue 2,France,1746885600,16:00,Ended,,34,api
12615579,Troyes,Amiens SC,Ligue 2,France,1746891000,17:30,Ended,,34,api
12596341,Adanaspor,Boluspor,1. Lig,Turkey,1746889200,17:00,Ended,,38,api
12596329,Bandırmaspor,Pendikspor,1. Lig,Turkey,1746887400,16:30,Ended,,38,api
12596346,Fatih Karagümrük,Iğdır FK,1. Lig,Turkey,1746891000,17:30,Ended,,38,api
12596338,MKE Ankaragücü,Amed Sportif Faaliyetler,1. Lig,Turkey,1746874800,13:00,Ended,,38,api
12596340,Sakaryaspor,Esenler Erokspor,1. Lig,Turkey,1746890100,17:15,Ended,,38,api
12596334,Yeni Malatyaspor,Gençlerbirliği,1. Lig,Turkey,1746879300,14:15,Ended,,38,api
12596490,Ümraniyespor,Manisa FK,1. Lig,Turkey,1746889200,17:00,Ended,,38,api
12596339,İstanbulspor,Çorum FK,1. Lig,Turkey,1746873900,12:45,Ended,,38,api
12596333,Şanlıurfaspor,Erzurumspor FK,1. Lig,Turkey,1746890100,17:15,Ended,,38,api
12596326,Kocaelispor,Keçiörengücü,1. Lig,Turkey,1746972900,16:15,Not started,,38,api
13629493,Wolfsberger AC,FC Blau Weiss Linz,"Austrian Bundesliga, Championship Round",Austria,1746963900,13:45,Not started,,30,api
13629501,Austria Wien,SK Rapid Wien,"Austrian Bundesliga, Championship Round",Austria,1746972900,16:15,Not started,,30,api
13629486,Austria Klagenfurt,WSG Tirol,"Austrian Bundesliga, Relegation Round",Austria,1746891900,17:45,Ended,,30,api
13629502,LASK,TSV Hartberg,"Austrian Bundesliga, Relegation Round",Austria,1746892800,18:00,Ended,,30,api
13629497,SC Rheindorf Altach,Grazer AK 1902,"Austrian Bundesliga, Relegation Round",Austria,1746880200,14:30,Ended,,30,api
13400446,Shanghai Shenhua,Qingdao West Coast,Chinese Super League,China,1746876600,13:30,Ended,,12,api
13400437,Meizhou Hakka,Chengdu Rongcheng,Chinese Super League,China,1746876000,13:20,Ended,,12,api
13400435,Shandong Taishan,Zhejiang,Chinese Super League,China,1746877800,13:50,Ended,,12,api
13400434,Beijing Guoan,Shenzhen Peng City,Chinese Super League,China,1746878400,14:00,Ended,,12,api
13400431,Changchun Yatai,Henan FC Jiuzu Dukang,Chinese Super League,China,1746952200,10:30,Not started,,12,api
13400438,Tianjin Jinmen Tiger,Yunnan Yukun,Chinese Super League,China,1746956700,11:45,Not started,,12,api
13400443,Wuhan Three Towns,Dalian Yingbo FC,Chinese Super League,China,1746964200,13:50,Not started,,12,api
13358766,Envigado FC,Rionegro Águilas Doradas,"Primera A, Apertura",Colombia,1746899100,19:45,Not started,,18,api
13358768,Fortaleza CEIF,Deportivo La Equidad,"Primera A, Apertura",Colombia,1746910500,22:55,Not started,,18,api
13358765,Independiente Santa Fe,Junior Barranquilla,"Primera A, Apertura",Colombia,1746924600,02:50,Not started,,18,api
13358771,Deportivo Pereira,Deportivo Pasto,"Primera A, Apertura",Colombia,1747002600,00:30,Postponed,,18,api
13358770,Alianza Valledupar FC,Deportivo Cali,"Primera A, Apertura",Colombia,1746992700,21:45,Not started,,18,api
13358761,Atlético Nacional,Llaneros FC,"Primera A, Apertura",Colombia,1746999900,23:45,Not started,,18,api
13358772,Once Caldas,Millonarios,"Primera A, Apertura",Colombia,1747015500,04:05,Not started,,18,api
13790983,FK Jablonec,SK Sigma Olomouc,"Chance Liga, Championship",Czech Republic,1746879300,14:15,Ended,,3,api
13790898,SK Slavia Praha,AC Sparta Praha,"Chance Liga, Championship",Czech Republic,1746889200,17:00,1st half,,3,api
13790891,Viktoria Plzeň,Baník Ostrava,"Chance Liga, Championship",Czech Republic,1746981000,18:30,Not started,,3,api
13790946,FK Pardubice,SK Dynamo České Budějovice,"Chance Liga, Relegation",Czech Republic,1746883800,15:30,Ended,,3,api
13790951,FK Teplice,1. FC Slovácko,"Chance Liga, Relegation",Czech Republic,1746961200,13:00,Not started,,3,api
13790949,Mladá Boleslav,Dukla Praha,"Chance Liga, Relegation",Czech Republic,1746973800,16:30,Not started,,3,api
13790982,MFK Karviná,FC Hradec Králové,"Chance Liga, Europa Playoffs",Czech Republic,1746893700,18:15,Ended,,2,api
13790973,FC Slovan Liberec,Bohemians Praha 1905,"Chance Liga, Europa Playoffs",Czech Republic,1746964800,14:00,Not started,,2,api
12400488,Radomiak Radom,Pogoń Szczecin,Ekstraklasa,Poland,1746889200,17:00,Ended,,32,api
12400476,Zagłębie Lubin,Widzew Łódź,Ekstraklasa,Poland,1746898200,19:30,Ended,,32,api
12400481,Raków Częstochowa,Jagiellonia Białystok,Ekstraklasa,Poland,1746896400,19:00,Not started,,32,api
12400466,KS Lechia Gdańsk,MKS Korona Kielce,Ekstraklasa,Poland,1746952200,10:30,Not started,,32,api
12400474,GKS Katowice,Cracovia,Ekstraklasa,Poland,1746970200,15:30,Not started,,32,api
12400479,Legia Warszawa,Lech Poznań,Ekstraklasa,Poland,1746968400,15:00,Not started,,32,api
13638429,FC Nordsjælland,Brøndby IF,"Danish Superliga, Championship round",Denmark,1746972900,16:15,Not started,,30,api
13638428,AGF,Randers FC,"Danish Superliga, Championship round",Denmark,1746977400,17:30,Not started,,30,api
13638427,FC København,FC Midtjylland,"Danish Superliga, Championship round",Denmark,1746993600,22:00,Not started,,30,api
13638425,Silkeborg IF,Sønderjyske Fodbold,"Danish Superliga, Relegation round",Denmark,1746956700,11:45,Not started,,30,api
13638546,Viborg FF,AaB,"Danish Superliga, Relegation round",Denmark,1746973800,16:30,Not started,,30,api
13851568,Leyton Orient,Stockport County,"League One, Playoffs",England,1746872100,12:15,Ended,,28,api
13851565,Wycombe Wanderers,Charlton Athletic,"League One, Playoffs",England,1746984600,19:30,Not started,,28,api
13851573,Notts County,AFC Wimbledon,"League Two, Playoffs",England,1746898200,19:30,Not started,,28,api
13851572,Chesterfield,Walsall,"League Two, Playoffs",England,1746964800,14:00,Not started,,28,api
13737774,FC Universitario de Vinto,Academia del Balompié Boliviano,División Profesional,Bolivia,1746894600,18:30,Not started,,7,api
13737776,Guabirá,CDT Real Oruro,División Profesional,Bolivia,1746909000,22:30,Not started,,7,api
13737777,Independiente Petrolero,Oriente Petrolero,División Profesional,Bolivia,1746923400,02:30,Not started,,7,api
13737775,Club Always Ready,CD Real Tomayapo,División Profesional,Bolivia,1746993600,22:00,Not started,,7,api
13737779,The Strongest,San Antonio Bulo-Bulo,División Profesional,Bolivia,1746998100,23:15,Not started,,7,api
13737787,Club Aurora,Bolívar,División Profesional,Bolivia,1747014300,03:45,Not started,,7,api
13378651,Manta FC,Mushuc Runa,"LigaPro Serie A, Primera Etapa",Ecuador,1746895500,18:45,Not started,,12,api
13378647,Macará,LDU,"LigaPro Serie A, Primera Etapa",Ecuador,1746908100,22:15,Not started,,12,api
13378652,Libertad,Delfín,"LigaPro Serie A, Primera Etapa",Ecuador,1746913500,23:45,Not started,,12,api
13378649,Técnico Universitario,Independiente Del Valle,"LigaPro Serie A, Primera Etapa",Ecuador,1746981000,18:30,Not started,,12,api
13378646,Universidad Católica del Ecuador,Barcelona SC,"LigaPro Serie A, Primera Etapa",Ecuador,1746994500,22:15,Not started,,12,api
13378648,Emelec,Aucas,"LigaPro Serie A, Primera Etapa",Ecuador,1747008900,02:15,Not started,,12,api
13573910,Al-Ittihad Alexandria,Ghazl El Mahalla,"Egyptian Premier League, Relegation Round",Egypt,1746889200,17:00,1st half,,23,api
13573909,Smouha,ENPPI,"Egyptian Premier League, Relegation Round",Egypt,1746978300,17:45,Not started,,23,api
13573911,El Gouna FC,Tala'ea El-Gaish,"Egyptian Premier League, Relegation Round",Egypt,1746990000,21:00,Not started,,23,api
13575594,ZED FC,Modern Sport FC,"Egyptian Premier League, Relegation Round",Egypt,1746973800,16:30,Not started,,23,api
13250772,Sligo Rovers,Bohemian FC,Premier Division,Ireland,1746905400,21:30,Not started,,15,api
13481996,Kashima Antlers,Kawasaki Frontale,J1 League,Japan,1746927300,03:35,Not started,,16,api
13481997,Shimizu S-Pulse,Machida Zelvia,J1 League,Japan,1746932700,05:05,Not started,,16,api
13481998,Kyoto Sanga FC,Nagoya Grampus,J1 League,Japan,1746937800,06:30,Not started,,16,api
13481999,Albirex Niigata,Urawa Red Diamonds,J1 League,Japan,1746932700,05:05,Not started,,16,api
13482002,Cerezo Osaka,Yokohama F. Marinos,J1 League,Japan,1746945000,08:30,Not started,,16,api
13482001,Gamba Osaka,Sanfrecce Hiroshima,J1 League,Japan,1746938700,06:45,Not started,,16,api
13482000,Tokyo Verdy,Shonan Bellmare,J1 League,Japan,1746940500,07:15,Not started,,16,api
13292885,Bodø/Glimt,Strømsgodset,Eliteserien,Norway,1746900900,20:15,Postponed,,6,api
13292886,SK Brann,Rosenborg BK,Eliteserien,Norway,1746975600,17:00,Not started,,6,api
13292887,Bryne FK,Molde FK,Eliteserien,Norway,1746977400,17:30,Not started,,6,api
13292888,KFUM Oslo,Tromsø IL,Eliteserien,Norway,1746979200,18:00,Not started,,6,api
13292889,Kristiansund BK,Fredrikstad FK,Eliteserien,Norway,1746978300,17:45,Not started,,6,api
13292890,Sandefjord Fotball,Vålerenga IF,Eliteserien,Norway,1746968400,15:00,Not started,,6,api
13292891,Sarpsborg 08,HamKam,Eliteserien,Norway,1746970200,15:30,Not started,,6,api
13292892,Haugesund,Viking FK,Eliteserien,Norway,1746981900,18:45,Not started,,6,api
13803206,Ayacucho,Club Sporting Cristal,"Liga 1, Apertura",Peru,1746891900,17:45,1st half,,12,api
13803198,Club Atlético Grau,Alianza Lima,"Liga 1, Apertura",Peru,1746902700,20:45,Not started,,12,api
13803201,Cienciano,Melgar,"Liga 1, Apertura",Peru,1746927000,03:30,Not started,,12,api
13803204,Los Chankas CYC,Universidad Técnica de Cajamarca,"Liga 1, Apertura",Peru,1746980100,18:15,Not started,,12,api
13803207,Asociación Deportiva Tarma,ADC Juan Pablo II,"Liga 1, Apertura",Peru,1746992700,21:45,Not started,,12,api
13803202,Deportivo Garcilaso,Cusco FC,"Liga 1, Apertura",Peru,1746997200,23:00,Not started,,12,api
13803208,Universitario,Alianza Atlético de Sullana,"Liga 1, Apertura",Peru,1747015200,04:00,Not started,,12,api
12624406,Al-Kholood,Al-Ettifaq,Saudi Pro League,Saudi Arabia,1746899400,19:50,2nd half,,31,api
12624419,Al-Wehda,Al-Fateh,Saudi Pro League,Saudi Arabia,1746885300,15:55,Halftime,,31,api
13815374,Al-Khaleej,Al-Riyadh,Saudi Pro League,Saudi Arabia,1746896400,19:00,Not started,,31,api
13815403,Al-Shabab,Al-Ahli,Saudi Pro League,Saudi Arabia,1746986700,20:05,Not started,,31,api
13815415,Damac FC,Al-Raed,Saudi Pro League,Saudi Arabia,1746983400,19:10,Not started,,31,api
13815414,Al-Taawoun,Al-Qadsiah,Saudi Pro League,Saudi Arabia,1746975600,17:00,Not started,,31,api
13815413,Al-Ittihad,Al-Fayha,Saudi Pro League,Saudi Arabia,1746988200,20:30,Not started,,31,api
13587667,Universitatea Craiova,CFR 1907 Cluj,"Super Liga, Championship round",Romania,1746905400,21:30,1st half,,8,api
13587664,FC Universitatea Cluj,FCSB,"Super Liga, Championship round",Romania,1746977400,17:30,Not started,,8,api
13592388,FC Farul Constanța,UTA Arad,"Super Liga, Relegation round",Romania,1746886500,16:15,Ended,,8,api
13592390,FC Hermannstadt,ACSM Politehnica Iași,"Super Liga, Relegation round",Romania,1746889200,17:00,Ended,,8,api
13292486,IF Brommapojkarna,Halmstads BK,Allsvenskan,Sweden,1746889200,17:00,Ended,,8,api
13292492,GAIS Göteborg,IFK Värnamo,Allsvenskan,Sweden,1746894600,18:30,Ended,,8,api
13292509,IK Sirius,BK Häcken,Allsvenskan,Sweden,1746887400,16:30,Ended,,8,api
13292474,AIK,Mjällby AIF,Allsvenskan,Sweden,1746961200,13:00,Not started,,8,api
13292480,Hammarby IF,IFK Norrköping,Allsvenskan,Sweden,1746956700,11:45,Not started,,8,api
13292515,Degerfors IF,Malmö FF,Allsvenskan,Sweden,1746981000,18:30,Not started,,8,api
13292504,Östers IF,IF Elfsborg,Allsvenskan,Sweden,1746966600,14:30,Not started,,8,api
13851811,Mamelodi Sundowns,Stellenbosch,Premiership,South Africa,1746967500,14:45,Not started,,25,api
13493606,Atlético Ottawa,Valour FC,Canadian Premier League,Canada,1746900900,20:15,Not started,,6,api
13493593,HFX Wanderers FC,Cavalry FC,Canadian Premier League,Canada,1746916200,00:30,Not started,,6,api
13493614,Pacific FC,York United FC,Canadian Premier League,Canada,1746914400,00:00,Not started,,6,api
13826738,Melbourne City,Central Coast Mariners,"A-League, Women, Playoffs",Australia,1746936000,06:00,Not started,,28,api
13278626,Rhode Island FC,Monterey Bay FC,USL Championship,USA,1746909900,22:45,Not started,,1,api
13278623,Loudoun United FC,Lexington SC,USL Championship,USA,1746908100,22:15,Not started,,1,api
13278621,Hartford Athletic,Detroit City FC,USL Championship,USA,1746918900,01:15,Not started,,1,api
13278629,FC Tampa Bay Rowdies,Charleston Battery,USL Championship,USA,1746921600,02:00,Not started,,1,api
13278624,Louisville City FC,Pittsburgh Riverhounds,USL Championship,USA,1746926100,03:15,Not started,,1,api
13278620,FC Tulsa,El Paso Locomotive FC,USL Championship,USA,1746917100,00:45,Not started,,1,api
13278628,San Antonio FC,Oakland Roots SC,USL Championship,USA,1746932400,05:00,Not started,,1,api
13278625,New Mexico United,Phoenix Rising FC,USL Championship,USA,1746916200,00:30,Not started,,1,api
13278627,Sacramento Republic FC,Indy Eleven,USL Championship,USA,1746925200,03:00,Not started,,1,api
13278622,Las Vegas Lights,Colorado Springs Switchbacks FC,USL Championship,USA,1746930600,04:30,Not started,,1,api
13278947,Westchester SC,Charlotte Independence,"USL, League One",USA,1746899100,19:45,Not started,,,api
13278944,Chattanooga Red Wolves SC,Richmond Kickers,"USL, League One",USA,1746909900,22:45,Not started,,,api
13278945,South Georgia Tormenta FC,Spokane Velocity FC,"USL, League One",USA,1746913500,23:45,Not started,,,api
13278946,Union Omaha SC,Portland Hearts of Pine,"USL, League One",USA,1746919800,01:30,Not started,,,api
13278943,AV Alta FC,Texoma FC,"USL, League One",USA,1746926100,03:15,Not started,,,api
12448060,Orenburg,FC Khimki,Premier League,Russia,1746879300,14:15,Ended,,28,api
12448051,Dinamo Makhachkala,Zenit St. Petersburg,Premier League,Russia,1746890100,17:15,Ended,,28,api
12448102,CSKA Moscow,FK Krasnodar,Premier League,Russia,1746892800,18:00,Halftime,,28,api
12448057,Akron Togliatti,Akhmat Grozny,Premier League,Russia,1746968400,15:00,Not started,,28,api
12448099,Fakel Voronezh,Lokomotiv Moscow,Premier League,Russia,1746972000,16:00,Not started,,28,api
12448100,Dynamo Moscow,FC Spartak Moscow,Premier League,Russia,1746980100,18:15,Not started,,28,api
12448065,Rubin Kazan,FC Rostov,Premier League,Russia,1746989100,20:45,Not started,,28,api
13490812,Chicago Stars FC,Washington Spirit,NWSL,USA,1746899400,19:50,1st half,,8,api
13490813,North Carolina Courage,Orlando Pride,NWSL,USA,1746923400,02:30,Not started,,8,api
13490814,San Diego Wave FC,Portland Thorns FC,NWSL,USA,1746936000,06:00,Not started,,8,api
13490815,Kansas City Current,Bay FC,NWSL,USA,1746983100,19:05,Not started,,8,api
13490816,Seattle Reign FC,Houston Dash,NWSL,USA,1747003500,00:45,Not started,,8,api
13335319,Daejeon Hana Citizen,FC Seoul,K League 1,South Korea,1746878400,14:00,Ended,,13,api
13335320,FC Anyang,Daegu FC,K League 1,South Korea,1746864000,10:00,Ended,,13,api
13335321,Jeju SK,Ulsan HD,K League 1,South Korea,1746943200,08:00,Not started,,13,api
13335322,Gangwon FC,Gimcheon Sangmu FC,K League 1,South Korea,1746959400,12:30,Not started,,13,api
13335323,Gwangju FC,Jeonbuk Hyundai Motors,K League 1,South Korea,1746963900,13:45,Not started,,13,api
13522885,Chungnam Asan FC,Incheon United,K-League 2,South Korea,1746870300,11:45,Ended,,11,api
13522886,Seoul E-Land FC,Ansan Greeners FC,K-League 2,South Korea,1746865800,10:30,Ended,,11,api
13522888,Cheongju FC,Busan I Park,K-League 2,South Korea,1746956700,11:45,Not started,,11,api
13522887,Jeonnam Dragons,Seongnam FC,K-League 2,South Korea,1746954000,11:00,Not started,,11,api
13522889,Suwon Samsung Bluewings,Cheonan City FC,K-League 2,South Korea,1746952200,10:30,Not started,,11,api
12592814,Arsenal,Manchester United,Women's Super League,England,1746881100,14:45,Ended,,22,api
12592813,Aston Villa,Brighton,Women's Super League,England,1746884700,15:45,Ended,,22,api
12592812,Chelsea FC,Liverpool FC,Women's Super League,England,1746867600,11:00,Ended,,22,api
12592811,Everton,Tottenham FC,Women's Super League,England,1746880200,14:30,Ended,,22,api
12592810,Leicester City,West Ham,Women's Super League,England,1746878400,14:00,Ended,,22,api
12592809,Manchester City,Crystal Palace,Women's Super League,England,1746877500,13:45,Ended,,22,api
13482627,FC Como,Napoli,"Serie A Femminile, Relegation Round",Italy,1746957600,12:00,Not started,,10,api
13482628,Sassuolo,Sampdoria,"Serie A Femminile, Relegation Round",Italy,1746957600,12:00,Not started,,10,api
13482625,Fiorentina,AS Roma,"Serie A Femminile, Championship Round",Italy,1746882900,15:15,Ended,,10,api
13482626,Juventus,Inter,"Serie A Femminile, Championship Round",Italy,1746902700,20:45,Not started,,10,api
12583764,1. FC Köln,1. FFC Turbine Potsdam,Frauen-Bundesliga,Germany,1746966600,14:30,Not started,,22,api
12583730,FC Bayern München,SGS Essen,Frauen-Bundesliga,Germany,1746955800,11:30,Not started,,22,api
12583826,RB Leipzig,Eintracht Frankfurt,Frauen-Bundesliga,Germany,1746970200,15:30,Not started,,22,api
12583762,SC Freiburg,SV Werder Bremen,Frauen-Bundesliga,Germany,1746956700,11:45,Not started,,22,api
12583763,TSG Hoffenheim,FC Carl Zeiss Jena,Frauen-Bundesliga,Germany,1746973800,16:30,Not started,,22,api
12583822,VfL Wolfsburg,Bayer Leverkusen,Frauen-Bundesliga,Germany,1746955800,11:30,Not started,,22,api
12716848,Athletic Bilbao,Espanyol,Liga F,Spain,1746959400,12:30,Not started,,29,api
12716822,Deportivo Abanca,Sevilla,Liga F,Spain,1746959400,12:30,Not started,,29,api
12716842,FC Levante Badalona,Valencia,Liga F,Spain,1746952200,10:30,Not started,,29,api
12716843,Levante UD,Madrid CFF,Liga F,Spain,1746950400,10:00,Not started,,29,api
12716844,Real Betis,Barcelona,Liga F,Spain,1746964800,14:00,Not started,,29,api
12716833,Real Madrid,Costa Adeje Tenerife,Liga F,Spain,1746949500,09:45,Not started,,29,api
12716831,Real Sociedad,Granada,Liga F,Spain,1746964800,14:00,Not started,,29,api
12716823,SD Eibar,Atlético Madrid,Liga F,Spain,1746962100,13:15,Not started,,29,api
12448171,Puskás Akadémia,Debreceni VSC,NB I,Hungary,1746872100,12:15,Ended,,31,api
12448165,MTK Budapest,Kecskemét TE,NB I,Hungary,1746900000,20:00,2nd half,,31,api
12448161,Paksi FC,Ferencváros TC,NB I,Hungary,1746894600,18:30,1st half,,31,api
12448211,Zalaegerszegi TE,Újpest,NB I,Hungary,1746955800,11:30,Not started,,31,api
12448202,Nyiregyháza Spartacus,Diósgyőri VTK,NB I,Hungary,1746962100,13:15,Not started,,31,api
12767390,NC Magra,ASO Chlef,Ligue 1,Algeria,1746898200,19:30,Ended,,25,api
12767414,USM Khenchela,MC Oran,Ligue 1,Algeria,1746888300,16:45,Ended,,25,api
12767401,JS Saoura,ES Mostaganem,Ligue 1,Algeria,1746887400,16:30,1st half,,25,api
12767394,ES Sétif,Olympique Akbou,Ligue 1,Algeria,1746984600,19:30,Not started,,25,api
12765975,USM Alger,CS Constantine,Ligue 1,Algeria,1746985500,19:45,Not started,,25,api
13854139,San Lorenzo,Tigre,"Liga Profesional de Fútbol, Apertura Playoffs",Argentina,1746891000,17:30,1st half,,5,api
13854144,Rosario Central,Estudiantes de La Plata,"Liga Profesional de Fútbol, Apertura Playoffs",Argentina,1746912600,23:30,Not started,,5,api
13854143,Racing Club,Platense,"Liga Profesional de Fútbol, Apertura Playoffs",Argentina,1746912600,23:30,Not started,,5,api
13854141,Boca Juniors,Lanús,"Liga Profesional de Fútbol, Apertura Playoffs",Argentina,1746913500,23:45,Not started,,5,api
13854140,CA Independiente,Independiente Rivadavia,"Liga Profesional de Fútbol, Apertura Playoffs",Argentina,1746984600,19:30,Not started,,5,api
13854137,Argentinos Juniors,Instituto De Córdoba,"Liga Profesional de Fútbol, Apertura Playoffs",Argentina,1746996300,22:45,Not started,,5,api
13854142,Huracán,Deportivo Riestra,"Liga Profesional de Fútbol, Apertura Playoffs",Argentina,1746999000,23:30,Not started,,5,api
13856216,Central Córdoba de Rosario,Gimnasia y Esgrima,Copa Argentina,Argentina,1746985500,19:45,Not started,,6,api
13445553,Almagro,Los Andes,"Primera Nacional, Group A",Argentina,1746893700,18:15,Not started,,14,api
13445554,San Miguel,Club Ferro Carril Oeste,"Primera Nacional, Group A",Argentina,1746907200,22:00,Not started,,14,api
13445558,Colegiales,Tristán Suárez,"Primera Nacional, Group A",Argentina,1746916200,00:30,Not started,,14,api
13445555,Quilmes Atlético Club,Patronato,"Primera Nacional, Group A",Argentina,1746915000,00:10,Not started,,14,api
13445557,Atlanta,San Martín de Tucumán,"Primera Nacional, Group A",Argentina,1746979200,18:00,Not started,,14,api
13445561,Alvarado,Deportivo Madryn,"Primera Nacional, Group A",Argentina,1746990900,21:15,Not started,,14,api
13445556,Racing de Córdoba,Güemes,"Primera Nacional, Group A",Argentina,1746996300,22:45,Not started,,14,api
13445562,Gimnasia Jujuy,Nueva Chicago,"Primera Nacional, Group B",Argentina,1746909000,22:30,Not started,,14,api
13445564,Central Norte de Salta,San Telmo,"Primera Nacional, Group B",Argentina,1746903600,21:00,Postponed,,14,api
13445567,Chaco For Ever,Defensores de Belgrano,"Primera Nacional, Group B",Argentina,1746916200,00:30,Postponed,,14,api
13445573,Defensores Unidos,Estudiantes de Buenos Aires,"Primera Nacional, Group B",Argentina,1746993600,22:00,Not started,,14,api
13445563,Gimnasia y Esgrima Mendoza,Agropecuario Argentino,"Primera Nacional, Group B",Argentina,1746995400,22:30,Not started,,14,api
13445568,Mitre,Estudiantes de Río Cuarto,"Primera Nacional, Group B",Argentina,1746999000,23:30,Not started,,14,api
13445571,Club Atletico Colón,Talleres Remedios de Escalada,"Primera Nacional, Group B",Argentina,1747000800,00:00,Not started,,14,api
13445565,Almirante Brown,Club Atlético Chacarita Juniors,"Primera Nacional, Group B",Argentina,1746989100,20:45,Not started,,14,api
13445572,Temperley,Deportivo Morón,"Primera Nacional, Group B",Argentina,1747012500,03:15,Not started,,14,api
13598559,Svay Rieng FC,Arkadag FK,"AFC Challenge League, Knockout Stage",Asia,1746873900,12:45,AET,,29,api
12484539,Kapfenberger SV,SV Stripfing,2. Liga,Austria,1746888300,16:45,Ended,,28,api
12484544,SV Lafnitz,SKU Amstetten,2. Liga,Austria,1746876600,13:30,Ended,,28,api
12484537,SV Ried,Sturm Graz II,2. Liga,Austria,1746956700,11:45,Not started,,28,api
12441189,SR Donaufeld,Wiener Viktoria,Regionalliga Ost,Austria Amateur,1746877500,13:45,Ended,,26,api
12797984,Səbail FK,Zirə FK,Premier League,Azerbaijan,1746874800,13:00,Ended,,34,api
12797985,Turan Tovuz,Neftçi Baku PFK,Premier League,Azerbaijan,1746883800,15:30,Ended,,34,api
12797991,Kəpəz PFK,Sumqayıt FK,Premier League,Azerbaijan,1746967500,14:45,Not started,,34,api
12797981,Qarabağ,Araz Naxçıvan PFK,Premier League,Azerbaijan,1746977400,17:30,Not started,,34,api
13810773,Al-Shabab Manama,Manama Club,Premier League,Bahrain,1746975600,17:00,Not started,,19,api
13810777,Bahrain SC,Al Khalidiyah,Premier League,Bahrain,1746976500,17:15,Not started,,19,api
13810775,Malkiya Club,Sitra Club,Premier League,Bahrain,1746972900,16:15,Not started,,19,api
13505324,FC Minsk,Arsenal Dzerzhinsk,Vysshaya League,Belarus,1746877500,13:45,Ended,,8,api
13618857,Molodechno-2018,Gomel,Vysshaya League,Belarus,1746887400,16:30,Ended,,8,api
13505323,BATE Borisov,Dynamo Brest,Vysshaya League,Belarus,1746900000,20:00,2nd half,,8,api
13505325,Vitebsk,SFK Slutsk,Vysshaya League,Belarus,1746968400,15:00,Not started,,8,api
13505326,FC Isloch Minsk Region,Dinamo Minsk,Vysshaya League,Belarus,1746972000,16:00,Not started,,8,api
13505319,Neman Grodno,Smorgon,Vysshaya League,Belarus,1746976500,17:15,Not started,,8,api
13666689,HŠK Zrinjski Mostar,FK Radnik Bijeljina,WWIN Liga BiH,Bosnia & Herzegovina,1746876600,13:30,Ended,,30,api
13666698,FK Sarajevo,NK Široki Brijeg,WWIN Liga BiH,Bosnia & Herzegovina,1746891900,17:45,Halftime,,30,api
13666699,FK Borac Banja Luka,FK Velež Mostar,WWIN Liga BiH,Bosnia & Herzegovina,1746902700,20:45,Not started,,30,api
13666693,FK Željezničar,FK Sloga Doboj,WWIN Liga BiH,Bosnia & Herzegovina,1746985500,19:45,Not started,,30,api
13666704,GOŠK Gabela,HŠK Posušje,WWIN Liga BiH,Bosnia & Herzegovina,1746982800,19:00,Not started,,30,api
13557278,Guarani,São Bernardo,Brasileirão Série C,Brazil,1746902700,20:45,Not started,,5,api
13557275,Náutico,Confiança,Brasileirão Série C,Brazil,1746900900,20:15,Not started,,5,api
13557280,Anápolis,Ypiranga FC,Brasileirão Série C,Brazil,1746910800,23:00,Not started,,5,api
13557285,Brusque,ABC,Brasileirão Série C,Brazil,1746922500,02:15,Not started,,5,api
13557289,Botafogo-PB,Floresta,Brasileirão Série C,Brazil,1746990000,21:00,Not started,,5,api
13557283,Caxias,Retrô,Brasileirão Série C,Brazil,1746991800,21:30,Not started,,5,api
13557287,CSA,Maringá FC,Brasileirão Série C,Brazil,1746991800,21:30,Not started,,5,api
13557281,Londrina,Tombense,Brasileirão Série C,Brazil,1746999900,23:45,Not started,,5,api
13790721,Levski Sofia,Cherno More Varna,"First Professional League, Championship Round",Bulgaria,1746894600,18:30,1st half,,33,api
13792033,Slavia Sofia,Lokomotiv Sofia,"First Professional League, Relegation Round",Bulgaria,1746876600,13:30,Ended,,34,api
13792031,FK Hebar Pazardzhik,Lokomotiv Plovdiv,"First Professional League, Relegation Round",Bulgaria,1746970200,15:30,Not started,,34,api
13792030,Botev Vratsa,FK Krumovgrad,"First Professional League, Relegation Round",Bulgaria,1746982800,19:00,Not started,,34,api
13798230,FC CSKA 1948 Sofia,FK Septemvri Sofia,"First Professional League, Relegation Round",Bulgaria,1746993600,22:00,Not started,,34,api
13792043,FK Spartak Varna,Beroe Stara Zagora,"First Professional League, Qualifying Round",Bulgaria,1746882900,15:15,Ended,,33,api
13388505,Cobreloa,Deportes Copiapó,"Copa Chile, Group A",Chile,1746888300,16:45,Halftime,,6,api
13388506,Antofagasta,Deportes Iquique,"Copa Chile, Group A",Chile,1746977400,17:30,Not started,,6,api
13388507,Deportes Limache,Colo Colo,"Copa Chile, Group B",Chile,1746905400,21:30,Not started,,6,api
13364787,Coquimbo Unido,San Marcos de Arica,"Copa Chile, Group C",Chile,1746913500,23:45,Not started,,6,api
13364793,Deportes La Serena,Cobresal,"Copa Chile, Group C",Chile,1746981000,18:30,Not started,,6,api
13364794,Everton de Viña del Mar,Universidad Católica,"Copa Chile, Group D",Chile,1746998100,23:15,Not started,,6,api
13364790,Unión La Calera,San Luis de Quillota,"Copa Chile, Group D",Chile,1747006200,01:30,Not started,,6,api
13364789,Audax Italiano,Palestino,"Copa Chile, Group E",Chile,1746914400,00:00,Not started,,6,api
13843229,Unión Española,Deportes Concepción,"Copa Chile, Group E",Chile,1746972000,16:00,Not started,,6,api
13364796,Deportes Temuco,Huachipato,"Copa Chile, Group F",Chile,1746907200,22:00,Not started,,6,api
13364791,Rangers de Talca,O'Higgins,"Copa Chile, Group F",Chile,1746986400,20:00,Not started,,6,api
13364797,Curicó Unido,Ñublense,"Copa Chile, Group H",Chile,1746909900,22:45,Not started,,6,api
13364798,Universidad de Concepción,Deportes Santa Cruz,"Copa Chile, Group H",Chile,1746974700,16:45,Not started,,6,api
13563509,Guangxi Pingguo Haliao,Shijiazhuang Gongfu,Chinese League 1,China,1746881100,14:45,Ended,,8,api
13563514,Guangzhou E-Power FC,Chongqing Tonglianglong FC,Chinese League 1,China,1746876600,13:30,Ended,,8,api
13563512,Nantong Zhiyun,Shenzhen Juniors FC,Chinese League 1,China,1746875700,13:15,Ended,,8,api
13566946,Liaoning Tieren FC,Dalian Kuncheng City,Chinese League 1,China,1746947700,09:15,Not started,,8,api
13563517,Yanbian Longding,Shaanxi Union FC,Chinese League 1,China,1746954900,11:15,Not started,,8,api
13563511,Qingdao Red Lions,Suzhou Dongwu,Chinese League 1,China,1746956700,11:45,Not started,,8,api
13563518,Foshan Nanshi,Nanjing City,Chinese League 1,China,1746961200,13:00,Not started,,8,api
13358721,Deportes Quindío,Orsomarso,"Primera B, Apertura",Colombia,1746886500,16:15,Postponed,,15,api
13358718,Atlético Cali,Leones FC,"Primera B, Apertura",Colombia,1746908100,22:15,Not started,,15,api
13415751,Real Cundinamarca,Atlético Huila,"Primera B, Apertura",Colombia,1746909900,22:45,Postponed,,15,api
13358717,Jaguares de Córdoba,Patriotas Boyacá,"Primera B, Apertura",Colombia,1746906300,21:45,Not started,,15,api
13358720,Barranquilla FC,Boca Juniors de Cali,"Primera B, Apertura",Colombia,1746920700,01:45,Not started,,15,api
13358719,Bogotá FC,Tigres FC,"Primera B, Apertura",Colombia,1746993600,22:00,Not started,,15,api
13358722,Cúcuta Deportivo,Real Cartagena,"Primera B, Apertura",Colombia,1746991800,21:30,Not started,,15,api
13878001,Deportivo Saprissa,Herediano,"Primera División, Clausura, Playoffs",Costa Rica,1746992700,21:45,Not started,,28,api
13878002,Puntarenas FC,LD Alajuelense,"Primera División, Clausura, Playoffs",Costa Rica,1747003500,00:45,Not started,,28,api
13839221,AEL Limassol,Karmiotissa Polemidion,"Cyprus League by Stoiximan, Relegation group",Cyprus,1746972900,16:15,Not started,,7,api
13839223,Enosis Neon Paralimniou,Ethnikos Achnas,"Cyprus League by Stoiximan, Relegation group",Cyprus,1746977400,17:30,Not started,,7,api
13839222,Omonia Aradippou,ALS Omonia,"Cyprus League by Stoiximan, Relegation group",Cyprus,1746970200,15:30,Not started,,7,api
12449300,SK Sigma Olomouc B,FC Silon Táborsko,FNL,Czech Republic,1746882900,15:15,Ended,,28,api
12449297,FK Viktoria Žižkov,Sparta Praha B U21,FNL,Czech Republic,1746942300,07:45,Not started,,28,api
12449295,SK Slavia Praha B,FC Zbrojovka Brno,FNL,Czech Republic,1746943200,08:00,Not started,,28,api
12449299,FC Sellier & Bellot Vlašim,FK Varnsdorf,FNL,Czech Republic,1746968400,15:00,Not started,,28,api
12449301,FC Zlín,MFK Vyškov,FNL,Czech Republic,1746966600,14:30,Not started,,28,api
12449298,Vysočina Jihlava,MFK Chrudim,FNL,Czech Republic,1746983700,19:15,Not started,,28,api
12449303,1. SK Prostějov,SK Líšeň,FNL,Czech Republic,1746970200,15:30,Not started,,28,api
13645618,Kolding IF,Esbjerg,"1st Division, Promotion Group",Denmark,1746877500,13:45,Ended,,30,api
13645596,Vendsyssel FF,HB Køge,"1. Division, Relegation Round",Denmark,1746884700,15:45,Ended,,30,api
13781527,Næstved Boldklub,Middelfart,"2nd Division, Promotion Group",Denmark,1746963900,13:45,Not started,,26,api
13781521,Ishøj IF,Frem,"2nd Division, Relegation",Denmark,1746883800,15:30,Ended,,26,api
13554413,FC Kuressaare,Tallinna Kalev,Premium Liiga,Estonia,1746873000,12:30,Ended,,12,api
13554416,Tartu JK Tammeka,Nõmme Kalju,Premium Liiga,Estonia,1746882900,15:15,Ended,,12,api
13554415,FCI Levadia Tallinn,Paide Linnameeskond,Premium Liiga,Estonia,1746961200,13:00,Not started,,12,api
13554414,Narva Trans,Pärnu JK Vaprus,Premium Liiga,Estonia,1746972000,16:00,Not started,,12,api
13342354,KuPS,KTP,Veikkausliiga,Finland,1746886500,16:15,Ended,,,api
13342355,IFK Mariehamn,Inter Turku,Veikkausliiga,Finland,1746886500,16:15,Ended,,,api
13342356,AC Oulu,IF Gnistan,Veikkausliiga,Finland,1746883800,15:30,2nd half,,,api
13342358,FF Jaro,HJK,Veikkausliiga,Finland,1746968400,15:00,Not started,,,api
13378479,EIF,HJK Klubi 04,Ykkosliiga,Finland,1746888300,16:45,Ended,,4,api
13378478,SalPa,JäPS,Ykkosliiga,Finland,1746878400,14:00,Ended,,4,api
13875846,Olympique Lyonnais,Dijon FCO,"Première Ligue, Féminine, Playoffs",France,1746972900,16:15,Not started,,28,api
13875845,Paris Saint-Germain,Paris FC,"Première Ligue, Féminine, Playoffs",France,1746994500,22:15,Not started,,28,api
13426329,FC Iberia 1999,FC Samgurali Tskhaltubo,Erovnuli Liga,Georgia,1746978300,17:45,Not started,,14,api
13426325,FC Torpedo Kutaisi,Dinamo Batumi,Erovnuli Liga,Georgia,1746978300,17:45,Not started,,14,api
12523254,Alemannia Aachen,1. FC Saarbrücken,3. Liga,Germany,1746869400,11:30,Ended,,37,api
12523260,Erzgebirge Aue,SV Sandhausen,3. Liga,Germany,1746871200,12:00,Ended,,37,api
12523259,F.C. Hansa Rostock,Energie Cottbus,3. Liga,Germany,1746878400,14:00,Ended,,37,api
12523263,SC Verl,TSV 1860 München,3. Liga,Germany,1746882900,15:15,Ended,,37,api
12523261,SV Waldhof Mannheim,SG Dynamo Dresden,3. Liga,Germany,1746873000,12:30,Ended,,37,api
12523256,FC Ingolstadt 04,SV Wehen Wiesbaden,3. Liga,Germany,1746888300,16:45,Ended,,37,api
12523258,SpVgg Unterhaching,Arminia Bielefeld,3. Liga,Germany,1746961200,13:00,Not started,,37,api
12523262,Rot-Weiss Essen,VfL Osnabrück,3. Liga,Germany,1746979200,18:00,Not started,,37,api
12523257,FC Viktoria Köln,Hannover 96 II U23,3. Liga,Germany,1746981900,18:45,Not started,,37,api
12568380,Blau-Weiss Lohne,TSV Havelse,Regionalliga North,Germany Amateur,1746888300,16:45,Ended,,33,api
12568404,SV Todesfelde,Bremer SV,Regionalliga North,Germany Amateur,1746876600,13:30,Ended,,33,api
12568390,Kickers Emden,Eintracht Norderstedt,Regionalliga North,Germany Amateur,1746880200,14:30,Ended,,33,api
12568389,1.FC Phönix Lübeck,FC Teutonia 05 Ottensen,Regionalliga North,Germany Amateur,1746971100,15:45,Not started,,33,api
12568401,FC St Pauli II U23,SV Drochtersen/Assel,Regionalliga North,Germany Amateur,1746957600,12:00,Not started,,33,api
12568391,Holstein Kiel II U23,SV Meppen,Regionalliga North,Germany Amateur,1746966600,14:30,Not started,,33,api
12505582,FC Carl Zeiss Jena,ZFC Meuselwitz,Regionalliga Northeast,Germany Amateur,1746871200,12:00,Ended,,33,api
12505598,SV Babelsberg 03,FSV Luckenwalde,Regionalliga Northeast,Germany Amateur,1746872100,12:15,Ended,,33,api
12505594,1. FC Lokomotive Leipzig,VFC Plauen,Regionalliga Northeast,Germany Amateur,1746882900,15:15,Ended,,33,api
12505584,Hallescher FC,Hertha Zehlendorf,Regionalliga Northeast,Germany Amateur,1746968400,15:00,Not started,,33,api
12505583,VSG Altglienicke,FC Rot-Weiß Erfurt,Regionalliga Northeast,Germany Amateur,1746962100,13:15,Not started,,33,api
12505588,Viktoria Berlin,Greifswalder FC,Regionalliga Northeast,Germany Amateur,1746963000,13:30,Not started,,33,api
12505593,FSV Zwickau,BSG Chemie Leipzig,Regionalliga Northeast,Germany Amateur,1746958500,12:15,Not started,,33,api
12527980,1. FC Bocholt,Eintracht Hohkeppel,Regionalliga West,Germany Amateur,1746869400,11:30,Ended,,33,api
12527976,1. FC Düren,SC Rot-Weiß Oberhausen,Regionalliga West,Germany Amateur,1746887400,16:30,Ended,,33,api
12527977,Borussia Mönchengladbach II U23,FC Gütersloh,Regionalliga West,Germany Amateur,1746887400,16:30,Ended,,33,api
12527971,FC Schalke 04 II U23,Fortuna Düsseldorf II U23,Regionalliga West,Germany Amateur,1746874800,13:00,Ended,,33,api
12527975,MSV Duisburg,KFC Uerdingen 05,Regionalliga West,Germany Amateur,1746875700,13:15,Canceled,,33,api
12527982,SC Wiedenbrück,SC Fortuna Köln,Regionalliga West,Germany Amateur,1746877500,13:45,Ended,,33,api
12527969,SV Rödinghausen,SC Paderborn 07 II,Regionalliga West,Germany Amateur,1746887400,16:30,Ended,,33,api
12527973,Wuppertaler SV,Sportfreunde Lotte,Regionalliga West,Germany Amateur,1746874800,13:00,Ended,,33,api
12528129,1. FSV Mainz 05 II U23,Stuttgarter Kickers,Regionalliga Southwest,Germany Amateur,1746886500,16:15,Ended,,33,api
12528100,1. Göppinger SV,Kickers Offenbach,Regionalliga Southwest,Germany Amateur,1746875700,13:15,Ended,,33,api
12528101,Eintracht Frankfurt II,SG Barockstadt Fulda-Lehnerz,Regionalliga Southwest,Germany Amateur,1746873000,12:30,Ended,,33,api
12528099,FC-Astoria Walldorf,FSV Frankfurt,Regionalliga Southwest,Germany Amateur,1746887400,16:30,Ended,,33,api
12528098,FC 08 Homburg,Bahlinger SC,Regionalliga Southwest,Germany Amateur,1746876600,13:30,Ended,,33,api
12528097,FC 08 Villingen,TSG Hoffenheim II U23,Regionalliga Southwest,Germany Amateur,1746872100,12:15,Ended,,33,api
12528105,FC Gießen,SGV Freiberg,Regionalliga Southwest,Germany Amateur,1746872100,12:15,Ended,,33,api
12528130,KSV Hessen Kassel,Eintracht Trier,Regionalliga Southwest,Germany Amateur,1746876600,13:30,Ended,,33,api
12528090,TSV Steinbach Haiger,SC Freiburg II U23,Regionalliga Southwest,Germany Amateur,1746877500,13:45,Ended,,33,api
12457138,1. FC Nürnberg II,TSV Schwaben Augsburg,Regionalliga Bavaria,Germany Amateur,1746879300,14:15,Ended,,33,api
12457060,FC Würzburger Kickers,SpVgg Greuther Fürth II,Regionalliga Bavaria,Germany Amateur,1746869400,11:30,Ended,,33,api
12457144,SpVgg Hankofen-Hailing,SpVgg Bayreuth,Regionalliga Bavaria,Germany Amateur,1746880200,14:30,Ended,,33,api
12457137,TSV Aubstadt,TSV Buchbach,Regionalliga Bavaria,Germany Amateur,1746869400,11:30,Ended,,33,api
12457139,SpVgg Ansbach,SV Wacker Burghausen,Regionalliga Bavaria,Germany Amateur,1746894600,18:30,Ended,,33,api
13589206,Aris Thessaloniki,Asteras Aktor,"Stoiximan Super League, Qualifying Round",Greece,1746890100,17:15,Ended,,6,api
13589202,Atromitos Athens,OFI Crete,"Stoiximan Super League, Qualifying Round",Greece,1746889200,17:00,2nd half,,6,api
13856995,AE Larisa,AE Kifisia,Super League 2 Super Cup,Greece,1746981000,18:30,Not started,,,api
13857163,Antigua GFC,Cobán Imperial,"Liga Guate Banrural, Clausura Playoffs",Guatemala,1746920700,01:45,Not started,,28,api
13857160,CSD Municipal,CD Marquense,"Liga Guate Banrural, Clausura Playoffs",Guatemala,1746995400,22:30,Not started,,28,api
13306025,IF Vestri,Afturelding,Efsta deild,Iceland,1746876600,13:30,Ended,,6,api
13306026,KR Reykjavík,ÍBV Vestmannaeyjar,Efsta deild,Iceland,1746897300,19:15,Not started,,6,api
13306029,Stjarnan Garðabær,Fram Reykjavík,Efsta deild,Iceland,1746899100,19:45,Not started,,6,api
13306027,Valur Reykjavík,ÍA Akranes,Efsta deild,Iceland,1746901800,20:30,Not started,,6,api
13306028,KA Akureyri,Breidablik Kópavogur,Efsta deild,Iceland,1746987300,20:15,Not started,,6,api
13306030,Víkingur Reykjavík,FH Hafnarfjörður,Efsta deild,Iceland,1746995400,22:30,Not started,,6,api
12653967,Persija Jakarta,Bali United FC,Indonesia Liga 1,Indonesia,1746875700,13:15,Ended,,32,api
12653980,PSBS Biak,Persis Solo,Indonesia Liga 1,Indonesia,1746936000,06:00,Not started,,32,api
12653989,Arema FC,Persik Kediri,Indonesia Liga 1,Indonesia,1746943200,08:00,Not started,,32,api
12653972,Persebaya Surabaya,Semen Padang FC,Indonesia Liga 1,Indonesia,1746971100,15:45,Not started,,32,api
13597561,Hapoel Haifa,Beitar Jerusalem,"Premier League, Championship Round",Israel,1746989100,20:45,Not started,,34,api
13597551,Ashdod SC,Hapoel Ironi Kiryat Shmona,"Premier League, Relegation Round",Israel,1746902700,20:45,1st half,,33,api
13597548,Bnei Sakhnin,Maccabi Bney Reine,"Premier League, Relegation Round",Israel,1746895500,18:45,Not started,,33,api
13597540,Hapoel Hadera,Hapoel Jerusalem,"Premier League, Relegation Round",Israel,1746890100,17:15,1st half,,33,api
13597579,Ironi Tiberias,Maccabi Petach Tikva,"Premier League, Relegation Round",Israel,1746896400,19:00,1st half,,33,api
13869051,Atalanta U23,Torres,"Lega Pro, Promotion Playoffs",Italy,1746993600,22:00,Not started,,5,api
13869049,Catania,Pescara,"Lega Pro, Promotion Playoffs",Italy,1746991800,21:30,Not started,,5,api
13869052,Crotone,Feralpisalò,"Lega Pro, Promotion Playoffs",Italy,1746995400,22:30,Not started,,5,api
13869050,Giana Erminio,Monopoli,"Lega Pro, Promotion Playoffs",Italy,1746994500,22:15,Not started,,5,api
13869048,Vis Pesaro,Rimini,"Lega Pro, Promotion Playoffs",Italy,1746992700,21:45,Not started,,5,api
13826344,Messina,Foggia,"Serie C, Relegation Playoffs",Italy,1746891000,17:30,Ended,,29,api
13826363,Aurora Pro Patria,Pro Vercelli,"Serie C, Relegation Playoffs",Italy,1746900000,20:00,Ended,,29,api
13826343,Caldiero Terme,Triestina,"Serie C, Relegation Playoffs",Italy,1746891000,17:30,Not started,,29,api
13826362,Milan Futuro,SPAL,"Serie C, Relegation Playoffs",Italy,1746894600,18:30,Not started,,29,api
13826345,Sestri Levante,Lucchese,"Serie C, Relegation Playoffs",Italy,1746898200,19:30,Not started,,29,api
13850482,Virtus Entella,Avellino,Supercoppa Serie C,Italy,1746899100,19:45,1st half,,1,api
12598075,Hellas Verona U20,Juventus U20,Primavera 1,Italy,1746867600,11:00,Ended,,37,api
12598074,Lazio U20,Fiorentina U20,Primavera 1,Italy,1746875700,13:15,Ended,,37,api
12598070,Udinese U20,Cremonese U20,Primavera 1,Italy,1746883800,15:30,Ended,,37,api
12598069,Torino U20,Milan U20,Primavera 1,Italy,1746957600,12:00,Not started,,37,api
12598083,Atalanta U20,Cagliari U20,Primavera 1,Italy,1746958500,12:15,Not started,,37,api
12598078,Genoa U20,Cesena U20,Primavera 1,Italy,1746961200,13:00,Not started,,37,api
13482170,Iwaki FC,Hokkaido Consadole Sapporo,J.League 2,Japan,1746945000,08:30,Not started,,15,api
13482171,Jubilo Iwata,Fujieda MYFC,J.League 2,Japan,1746928800,04:00,Not started,,15,api
13482174,FC Imabari,JEF United Chiba,J.League 2,Japan,1746941400,07:30,Not started,,15,api
13482172,Mito Hollyhock,Blaublitz Akita,J.League 2,Japan,1746943200,08:00,Not started,,15,api
13482175,Sagan Tosu,Ventforet Kofu,J.League 2,Japan,1746944100,08:15,Not started,,15,api
13482173,Tokushima Vortis,Renofa Yamaguchi FC,J.League 2,Japan,1746945000,08:30,Not started,,15,api
13482176,V-Varen Nagasaki,Montedio Yamagata,J.League 2,Japan,1746939600,07:00,Not started,,15,api
13482177,Kataller Toyama,Oita Trinita,J.League 2,Japan,1746931800,04:50,Not started,,15,api
13482178,Roasso Kumamoto,Ehime FC,J.League 2,Japan,1746942300,07:45,Not started,,15,api
13545651,FC Kyzylzhar,Ulytau FC,Premier League,Kazakhstan,1746878400,14:00,Ended,,8,api
13545648,FC Turan,Atyrau,Premier League,Kazakhstan,1746878400,14:00,Ended,,8,api
13545650,Astana,FC Tobol,Premier League,Kazakhstan,1746883800,15:30,Ended,,8,api
13545654,Zhetysu Taldykorgan,FC Okzhetpes,Premier League,Kazakhstan,1746956700,11:45,Not started,,8,api
13545649,FC Ordabasy,FC Kaysar,Premier League,Kazakhstan,1746961200,13:00,Not started,,8,api
13545653,FK Aktobe,Yelimay Semey,Premier League,Kazakhstan,1746964800,14:00,Not started,,8,api
13494623,Grobiņas SC,FK Liepaja,Virsliga,Latvia,1746876600,13:30,Ended,,12,api
13494626,Riga FC,FS Jelgava,Virsliga,Latvia,1746881100,14:45,Ended,,12,api
13494628,FK Tukums 2000,FK Metta,Virsliga,Latvia,1746966600,14:30,Not started,,12,api
13494630,SK Super Nova,FK Auda,Virsliga,Latvia,1746983700,19:15,Not started,,12,api
13489002,FK Panevėžys,FC Hegelmann,A Lyga,Lithuania,1746878400,14:00,Ended,,11,api
13489003,FK Banga Gargždai,FK Sūduva Marijampolė,A Lyga,Lithuania,1746974700,16:45,Not started,,11,api
13489004,Dainava Alytus,Šiauliai FA,A Lyga,Lithuania,1746978000,17:40,Not started,,11,api
13857282,Birkirkara FC,Ħamrun Spartans FC,"Premier League, Playoffs",Malta,1746894600,18:30,2nd half,,29,api
13823546,Leones Negros,Club Atlético Morelia,"Liga de Expansion MX, Clausura, Playoffs",Mexico,1746989100,20:45,Not started,,28,api
13823544,Mineros de Zacatecas,CDS Tampico Madero,"Liga de Expansion MX, Clausura, Playoffs",Mexico,1747006200,01:30,Not started,,28,api
13809853,FC Bălți,Sheriff Tiraspol,"Super Liga, Championship Round",Moldova,1746904500,21:15,1st half,,9,api
13809849,FC Milsami Orhei,CSF Spartanii Selemet,"Super Liga, Championship Round",Moldova,1746903600,21:00,1st half,,9,api
13809761,FC Petrocub Hîncesti,FC Zimbru Chişinău,"Super Liga, Championship Round",Moldova,1746894600,18:30,1st half,,9,api
13864671,CODM Meknès,Fath Union Sport,Botola Pro,Morocco,1746987300,20:15,Not started,,30,api
13864668,Difaâ Hassani El-Jadidi,Ittihad Tanger,Botola Pro,Morocco,1746998100,23:15,Not started,,30,api
13864674,Hassania d'Agadir,AS FAR Rabat,Botola Pro,Morocco,1746998100,23:15,Not started,,30,api
13864673,MAS de Fès,RS Berkane,Botola Pro,Morocco,1746993600,22:00,Not started,,30,api
13864672,Moghreb Atlético Tetuán,Jeunesse Sportive Soualem,Botola Pro,Morocco,1746985500,19:45,Not started,,30,api
13864669,Union Touarga Sport,Olympic Safi,Botola Pro,Morocco,1746997200,23:00,Not started,,30,api
13864670,Wydad Casablanca,Renaissance Zemamra,Botola Pro,Morocco,1746981000,18:30,Not started,,30,api
13605573,Besa 1976,Voska Sport,1. MFL,North Macedonia,1746970200,15:30,Canceled,,32,api
13605607,FC Struga Trim & Lum,AP Brera Strumica,1. MFL,North Macedonia,1746973800,16:30,Not started,,32,api
13605582,FK Rabotnički Skopje,FK Vardar Skopje,1. MFL,North Macedonia,1746972900,16:15,Not started,,32,api
13605606,FK Sileks Kratovo,FK Pelister Bitola,1. MFL,North Macedonia,1746982800,19:00,Not started,,32,api
13605600,KF Gostivar,KF Shkëndija,1. MFL,North Macedonia,1746972900,16:15,Not started,,32,api
13605584,KF Shkupi,Tikveš Kavadarci,1. MFL,North Macedonia,1746974700,16:45,Not started,,32,api
13865376,Coleraine FC,Cliftonville FC,"Premiership, Europa Playoffs",Northern Ireland,1746965700,14:15,Not started,,29,api
13268491,Hødd IL,Sogndal IL,1st Division,Norway,1746976500,17:15,Not started,,6,api
13268489,Mjøndalen,Ranheim IL,1st Division,Norway,1746980100,18:15,Not started,,6,api
13268493,Moss FK,Lyn FK,1st Division,Norway,1746971100,15:45,Not started,,6,api
13268490,Raufoss,IK Start,1st Division,Norway,1746971100,15:45,Not started,,6,api
13335979,Pors Grenland,Vard Haugesund,"2nd Division, Group 1",Norway,1746877500,13:45,Ended,,6,api
13335978,Sandviken,Notodden FK,"2nd Division, Group 1",Norway,1746867600,11:00,Ended,,6,api
13335980,Sotra,Eik Tønsberg,"2nd Division, Group 1",Norway,1746875700,13:15,Ended,,6,api
13335981,Træff,Lysekloster IL,"2nd Division, Group 1",Norway,1746964800,14:00,Not started,,6,api
13335982,Brattvåg,Sandnes Ulf,"2nd Division, Group 1",Norway,1746960300,12:45,Not started,,6,api
13335780,Alta IF,Strindheim,"2nd Division, Group 2",Norway,1746949500,09:45,Not started,,6,api
13335781,Kjelsås,Tromsdalen UIL,"2nd Division, Group 2",Norway,1746970200,15:30,Not started,,6,api
13335784,Follo,Hønefoss BK,"2nd Division, Group 2",Norway,1746958500,12:15,Not started,,6,api
13335782,Rana FK,Grorud,"2nd Division, Group 2",Norway,1746971100,15:45,Not started,,6,api
13335783,Strømmen IF,Ullensaker Kisa,"2nd Division, Group 2",Norway,1746973800,16:30,Not started,,6,api
13335786,Eidsvold Turn,Stjørdals/Blink,"2nd Division, Group 2",Norway,1746959400,12:30,Not started,,6,api
13335785,Levanger,Asker,"2nd Division, Group 2",Norway,1746960300,12:45,Not started,,6,api
13299605,Hønefoss BK,LSK Kvinner FK,"Toppserien, Women",Norway,1746880200,14:30,Ended,,9,api
13299606,Kolbotn,Røa,"Toppserien, Women",Norway,1746869400,11:30,Postponed,,9,api
13299607,Lyn,SK Brann Kvinner,"Toppserien, Women",Norway,1746875700,13:15,Ended,,9,api
13299608,Rosenborg Kvinner,Stabæk Fotball,"Toppserien, Women",Norway,1746873900,12:45,Ended,,9,api
13299609,Vålerenga,Bodø/Glimt,"Toppserien, Women",Norway,1746877500,13:45,Ended,,9,api
13836455,Guaraní,Cerro Porteño,"División de Honor, Apertura",Paraguay,1746910800,23:00,Not started,,18,api
13836454,Sportivo Ameliano,Recoleta FC,"División de Honor, Apertura",Paraguay,1746920700,01:45,Not started,,18,api
13836443,Olimpia,General Caballero,"División de Honor, Apertura",Paraguay,1746984600,19:30,Not started,,18,api
13836444,Sportivo Luqueño,Libertad,"División de Honor, Apertura",Paraguay,1746997200,23:00,Not started,,18,api
12420834,Stal Rzeszów,Polonia Warszawa,I liga,Poland,1746888300,16:45,Ended,,32,api
12420853,Pogoń Siedlce,Miedź Legnica,I liga,Poland,1746883800,15:30,Ended,,32,api
12420836,Ruch Chorzów,ŁKS Łódź,I liga,Poland,1746904500,21:15,Not started,,32,api
12420852,Chrobry Głogów,Warta Poznań,I liga,Poland,1746950400,10:00,Not started,,32,api
12420845,Bruk-Bet Termalica Nieciecza,Górnik Łęczna,I liga,Poland,1746972900,16:15,Not started,,32,api
12420838,OKS Odra Opole,Kotwica Kołobrzeg,I liga,Poland,1746967500,14:45,Not started,,32,api
12514462,Paços de Ferreira,Felgueiras,Liga Portugal 2,Portugal,1746867600,11:00,Ended,,33,api
12514468,UD Oliveirense,Marítimo,Liga Portugal 2,Portugal,1746875700,13:15,Ended,,33,api
12514464,Chaves,União Leiria,Liga Portugal 2,Portugal,1746895500,18:45,1st half,,33,api
12514461,Torreense,Leixões SC,Liga Portugal 2,Portugal,1746963900,13:45,Not started,,33,api
12514474,Tondela,FC Alverca,Liga Portugal 2,Portugal,1746961200,13:00,Not started,,33,api
12514476,Vizela,Académico Viseu FC,Liga Portugal 2,Portugal,1746967500,14:45,Not started,,33,api
12514472,Benfica B,Penafiel,Liga Portugal 2,Portugal,1746980100,18:15,Not started,,33,api
12514469,Portimonense,FC Porto B,Liga Portugal 2,Portugal,1746984600,19:30,Not started,,33,api
13411596,1º Dezembro,Varzim SC,"Liga 3, Promotion Round",Portugal,1746870300,11:45,Ended,,13,api
13411585,Lusitânia Lourosa,Atletico CP,"Liga 3, Promotion Round",Portugal,1746883800,15:30,Ended,,13,api
13411599,AD Fafe,Sporting CP B,"Liga 3, Promotion Round",Portugal,1746880200,14:30,Ended,,13,api
13411586,Amarante FC,C.F. Os Belenenses,"Liga 3, Promotion Round",Portugal,1746898200,19:30,Ended,,13,api
12653702,Clube de Albergaria,SCU Torreense,"Campeonato Nacional, Women",Portugal,1746883800,15:30,Ended,,22,api
12653709,SC Braga,Benfica,"Campeonato Nacional, Women",Portugal,1746951300,10:15,Not started,,22,api
12653704,Damaiense,Vilaverdense FC,"Campeonato Nacional, Women",Portugal,1746967500,14:45,Not started,,22,api
12653707,Marítimo,Sporting CP,"Campeonato Nacional, Women",Portugal,1746974700,16:45,Not started,,22,api
12653701,Racing Power Football Club,Famalicão,"Campeonato Nacional, Women",Portugal,1746972900,16:15,Not started,,22,api
12653697,Valadares Gaia,Estoril Praia,"Campeonato Nacional, Women",Portugal,1746963900,13:45,Not started,,22,api
13621287,FC Metaloglobus București,Steaua București,"Liga 2, Promotion Round",Romania,1746949500,09:45,Not started,,9,api
12493824,Chernomorets Novorossijsk,Baltika Kaliningrad,First League,Russia,1746886500,16:15,Ended,,32,api
12493826,Arsenal Tula,Rodina Moscow,First League,Russia,1746893700,18:15,Ended,,32,api
12493830,Neftekhimik Nizhnekamsk,FC Sochi,First League,Russia,1746883800,15:30,Ended,,32,api
12493829,Ural Yekaterinburg,FC Ufa,First League,Russia,1746956700,11:45,Not started,,32,api
12493823,FC Tyumen,Chayka Peschanokopskoye,First League,Russia,1746972900,16:15,Not started,,32,api
12493833,Alania Vladikavkaz,SKA-Khabarovsk,First League,Russia,1746976500,17:15,Not started,,32,api
12493834,Torpedo Moscow,Shinnik Yaroslavl,First League,Russia,1746977400,17:30,Not started,,32,api
12493831,KAMAZ Naberezhnye Chelny,Rotor Volgograd,First League,Russia,1746978300,17:45,Not started,,32,api
13851293,Airdrieonians,Stenhousemuir,"First Division, Relegation/Promotion Playoffs",Scotland,1746891900,17:45,Ended,,28,api
13851459,Cove Rangers,Queen of The South,"First Division, Relegation/Promotion Playoffs",Scotland,1746876600,13:30,Ended,,28,api
13851458,Annan Athletic,Elgin City,"League One, Relegation/Promotion Playoffs",Scotland,1746890100,17:15,Ended,,28,api
13851291,East Fife,Edinburgh City F.C.,"League One, Relegation/Promotion Playoffs",Scotland,1746889200,17:00,Ended,,28,api
12246915,Tampines Rovers,Young Lions,Premier League,Singapore,1746878400,14:00,Ended,,34,api
12246920,Tanjong Pagar United,Lion City Sailors,Premier League,Singapore,1746874800,13:00,Ended,,34,api
12246911,Balestier Khalsa,Brunei DPMM FC,Premier League,Singapore,1746956700,11:45,Not started,,34,api
12246921,Geylang International,Albirex Niigata Singapore,Premier League,Singapore,1746963900,13:45,Not started,,34,api
13557954,FK Železiarne Podbrezová,ŠK Slovan Bratislava,"Niké Liga, Championship Round",Slovakia,1746897300,19:15,2nd half,,9,api
13557958,FC Košice,MŠK Žilina,"Niké Liga, Championship Round",Slovakia,1746898200,19:30,Not started,,9,api
13557967,DAC 1904,FC Spartak Trnava,"Niké Liga, Championship Round",Slovakia,1746971100,15:45,Not started,,9,api
13557974,MFK Ružomberok,AS Trenčín,"Niké Liga, Relegation Round",Slovakia,1746895500,18:45,2nd half,,9,api
13557973,MFK Skalica,Dukla Banská Bystrica,"Niké Liga, Relegation Round",Slovakia,1746901800,20:30,2nd half,,9,api
13557970,MFK Zemplín Michalovce,KFC Komárno,"Niké Liga, Relegation Round",Slovakia,1746982800,19:00,Not started,,9,api
12483716,NK Bravo,Kalcer Radomlje,PrvaLiga,Slovenia,1746881100,14:45,Ended,,34,api
12483707,NK Celje,FC Koper,PrvaLiga,Slovenia,1746889200,17:00,Ended,,34,api
12483702,NŠ Mura,NK Olimpija Ljubljana,PrvaLiga,Slovenia,1746909900,22:45,Not started,,34,api
12483721,NK Domžale,NK Nafta Lendava 1903,PrvaLiga,Slovenia,1746963900,13:45,Not started,,34,api
12483715,NK Maribor,ND Primorje,PrvaLiga,Slovenia,1746979200,18:00,Not started,,34,api
13292633,Sandvikens IF,Umeå,Superettan,Sweden,1746876600,13:30,Ended,,7,api
13292623,GIF Sundsvall,Västerås SK,Superettan,Sweden,1746874800,13:00,Ended,,7,api
13292627,IK Oddevold,Örebro SK,Superettan,Sweden,1746873000,12:30,Ended,,7,api
13292634,Utsiktens BK,Falkenbergs FF,Superettan,Sweden,1746882900,15:15,Ended,,7,api
13292635,Östersunds FK,Varbergs BoIS,Superettan,Sweden,1746967500,14:45,Not started,,7,api
13292629,Kalmar FF,Trelleborgs FF,Superettan,Sweden,1746965700,14:15,Not started,,7,api
13549001,FC Stockholm Internazionale,Sollentuna FF,"Ettan, Norra",Sweden,1746878400,14:00,Ended,,7,api
13549049,Gefle IF,AFC Eskilstuna,"Ettan, Norra",Sweden,1746888300,16:45,Ended,,7,api
13549003,IFK Haninge,Karlbergs BK,"Ettan, Norra",Sweden,1746890100,17:15,Ended,,7,api
13549004,Vasalunds IF,Nordic United FC,"Ettan, Norra",Sweden,1746898200,19:30,Ended,,7,api
13548999,IF Karlstad Fotboll,IFK Stocksund,"Ettan, Norra",Sweden,1746972900,16:15,Not started,,7,api
13549002,Team TG FF,Hammarby Talang FF,"Ettan, Norra",Sweden,1746965700,14:15,Not started,,7,api
13549005,Örebro Syrianska BK,Assyriska FF,"Ettan, Norra",Sweden,1746979200,18:00,Not started,,7,api
13342536,Torslanda IK,IFK Skovde FK,"Ettan, Sodra",Sweden,1746868500,11:15,Ended,,7,api
13342531,Husqvarna FF,Eskilsminne IF,"Ettan, Sodra",Sweden,1746883800,15:30,Ended,,7,api
13342533,Ljungskile SK,Oskarshamns AIK,"Ettan, Sodra",Sweden,1746881100,14:45,Ended,,7,api
13342535,Skövde AIK,Ariana FC,"Ettan, Sodra",Sweden,1746878400,14:00,Ended,,7,api
13342529,FC Rosengård,Norrby IF,"Ettan, Sodra",Sweden,1746969300,15:15,Not started,,7,api
13342530,FC Trollhättan,Ängelholms FF,"Ettan, Sodra",Sweden,1746971100,15:45,Not started,,7,api
13342532,Jönköpings Södra,BK Olympic,"Ettan, Sodra",Sweden,1746971100,15:45,Not started,,7,api
13292733,AIK,Hammarby IF,Damallsvenskan,Sweden,1746873000,12:30,Ended,,7,api
13292736,Kristianstads DFF,Vittsjö GIK,Damallsvenskan,Sweden,1746876600,13:30,Ended,,7,api
13292737,Linköpings FC,Djurgårdens IF DFF,Damallsvenskan,Sweden,1746880200,14:30,Ended,,7,api
13292735,Rosengård,Norrköping DFK,Damallsvenskan,Sweden,1746886500,16:15,Ended,,7,api
13292739,Piteå IF,Växjö DFF,Damallsvenskan,Sweden,1746959400,12:30,Not started,,7,api
13292734,BK Häcken FF,IF Brommapojkarna,Damallsvenskan,Sweden,1746973800,16:30,Not started,,7,api
13801225,FC Lugano,Basel,"Swiss Super League, Championship Round",Switzerland,1746910800,23:00,Not started,,35,api
13801222,FC Luzern,FC Lausanne-Sport,"Swiss Super League, Championship Round",Switzerland,1746965700,14:15,Not started,,35,api
13801223,Servette FC,Young Boys,"Swiss Super League, Championship Round",Switzerland,1746970200,15:30,Not started,,35,api
13801231,FC St. Gallen 1879,FC Winterthur,"Swiss Super League, Relegation Round",Switzerland,1746891000,17:30,2nd half,,35,api
13801235,FC Zürich,Grasshopper Club Zürich,"Swiss Super League, Relegation Round",Switzerland,1746895500,18:45,2nd half,,35,api
13801228,Yverdon-Sport FC,FC Sion,"Swiss Super League, Relegation Round",Switzerland,1746891000,17:30,2nd half,,35,api
13258237,FC Vaduz,FC Thun,Challenge League,Switzerland,1746959400,12:30,Not started,,34,api
13848625,Muang Thong United,Ratchaburi,FA Cup,Thailand,1746879300,14:15,Ended,,28,api
13854898,Buriram United,BG Pathum United,FA Cup,Thailand,1746871200,12:00,Ended,,28,api
13850479,AS Soliman,ES Zarzis,Ligue 1,Tunisia,1746881100,14:45,Ended,,29,api
13850480,EGS Gafsa,Avenir Sportif De Gabes,Ligue 1,Tunisia,1746888300,16:45,Ended,,29,api
13851454,JS Omrane,US Ben Guerdane,Ligue 1,Tunisia,1746889200,17:00,Ended,,29,api
13850478,US Tataouine,Stade Tunisien,Ligue 1,Tunisia,1746880200,14:30,Ended,,29,api
13850481,CS Sfaxien,CA Bizertin,Ligue 1,Tunisia,1746964800,14:00,Not started,,29,api
13851460,Club Africain,Etoile Sportive Du Sahel,Ligue 1,Tunisia,1746964800,14:00,Not started,,29,api
13850483,Olympique Béja,Espérance Tunis,Ligue 1,Tunisia,1746975600,17:00,Not started,,29,api
13850484,US Monastir,ES Métlaoui,Ligue 1,Tunisia,1746972000,16:00,Not started,,29,api
12481990,Vorskla Poltava,Chornomorets Odesa,Premier League,Ukraine,1746867600,11:00,Ended,,28,api
12481974,Obolon Kyiv,LNZ Cherkasy,Premier League,Ukraine,1746887400,16:30,Ended,,28,api
12481981,Rukh Lviv,Veres Rivne,Premier League,Ukraine,1746888300,16:45,Ended,,28,api
12481984,FC Kryvbas Kryvyi Rih,Kolos Kovalivka,Premier League,Ukraine,1746957600,12:00,Not started,,28,api
12481978,Karpaty Lviv,Oleksandria,Premier League,Ukraine,1746971100,15:45,Not started,,28,api
13833663,Carabobo,Academia Puerto Cabello,"Primera Division, Apertura, Main Round, Group B",Venezuela,1746902700,20:45,Not started,,2,api
13833662,Deportivo Táchira,Metropolitanos,"Primera Division, Apertura, Main Round, Group B",Venezuela,1746912600,23:30,Not started,,2,api
13833658,Universidad Central,Portuguesa FC,"Primera Division, Apertura, Main Round, Group A",Venezuela,1746998100,23:15,Not started,,2,api
13833659,Deportivo La Guaira,Anzoátegui FC,"Primera Division, Apertura, Main Round, Group A",Venezuela,1747006200,01:30,Not started,,2,api
13531732,SHB Đà Nẵng,Quy Nhơn Bình Định FC,V-League 1,Vietnam,1746877500,13:45,Ended,,22,api
13526177,Sông Lam Nghệ An,Hà Nội,V-League 1,Vietnam,1746871200,12:00,Ended,,22,api
13526157,Hoàng Anh Gia Lai,Thể Công - Viettel,V-League 1,Vietnam,1746965700,14:15,Not started,,22,api
13526156,Becamex Bình Dương,Quảng Nam,V-League 1,Vietnam,1746964800,14:00,Not started,,22,api
13526148,Nam Định,Đông Á Thanh Hóa,V-League 1,Vietnam,1746963000,13:30,Not started,,22,api
13854652,Caernarfon Town,Cardiff Met FC,"Cymru Premier, Europa League Playoffs",Wales,1746988800,20:40,Not started,,28,api
